Subconjunto,Variable,CRP_CC.EST,CRP_GE.EST,CRP_PV.EST,CRP_RL.EST,CRP_RQ.EST,CRP_VA.EST
Completo,GDE_SL.GDP.PCAP.EM.KD,0.8019306801851968,0.8952105390469559,,0.8692197986021983,0.7987287741260385,0.8123469426393475
Colombia,GDE_SL.GDP.PCAP.EM.KD,,,0.8615647580439708,,0.7601777108272137,0.9245636459761517
