,CRP_RQ.EST,CRP_CC.EST,CRP_VA.EST,CRP_GE.EST,CRP_RL.EST,CRP_PV.EST,GDE_SL.GDP.PCAP.EM.KD
CRP_RQ.EST,1.0,0.903097077000587,0.8657866012303003,0.929528113175909,0.9421617638258168,0.6631993376625492,0.7987287741260385
CRP_CC.EST,0.903097077000587,1.0,0.9371315010747867,0.9505651390663654,0.9654614490648302,0.7571566374946688,0.8019306801851968
CRP_VA.EST,0.8657866012303003,0.9371315010747867,1.0,0.9135598675516214,0.9446712029907545,0.8505122172961483,0.8123469426393475
CRP_GE.EST,0.929528113175909,0.9505651390663654,0.9135598675516214,1.0,0.9667058580377866,0.7240644097886031,0.8952105390469559
CRP_RL.EST,0.9421617638258168,0.9654614490648302,0.9446712029907545,0.9667058580377866,1.0,0.7671941153792721,0.8692197986021983
CRP_PV.EST,0.6631993376625492,0.7571566374946688,0.8505122172961483,0.7240644097886031,0.7671941153792721,1.0,0.6246981575196916
GDE_SL.GDP.PCAP.EM.KD,0.7987287741260385,0.8019306801851968,0.8123469426393475,0.8952105390469559,0.8692197986021983,0.6246981575196916,1.0
