Subconjunto,Variable categorica,Método,MSE Entrenamiento,R2 Entrenamiento,MSE Prueba,R2 Prueba
Completo,Ninguna,Regresión lineal,0.010386089609081047,0.8432298183365917,0.010287034073273622,0.8489155147447582
Completo,País,Regresión lineal,3.977148982862676e-29,1.0,9.049793384116558e-28,1.0
Entrenado desde 1996 hasta 2002,País,Regresión lineal,1.0001532750958177e-29,1.0,1.9786895700350402e-28,1.0
Predicción desde 2003 en adelante,País,Regresión lineal,1.0001532750958177e-29,1.0,9.049793384116558e-28,1.0
Completo,Ninguna,Random forest,0.005886592103564052,0.9111463362835579,0.006227833561901527,0.006227833561901527
Completo,País,Random forest,0.002446153281077049,0.9602165885627229,0.008721357754547783,0.8701493284095582
