Subconjunto,Variable categorica,Método,MSE Entrenamiento,R2 Entrenamiento,MSE Prueba,R2 Prueba
Completo,Ninguna,Regresión lineal,0.010386089609081047,0.8432298183365917,0.010287034073273622,0.8489155147447582
Completo,País,Regresión lineal,4.9139819373483023e-29,1.0,1.664664767612928e-27,1.0
Entrenado desde 1996 hasta 2002,País,Regresión lineal,9.322096765410766e-30,1.0,5.26667972325307e-28,1.0
Predicción desde 2003 en adelante,País,Regresión lineal,9.322096765410766e-30,1.0,1.664664767612928e-27,1.0
Completo,Ninguna,Random forest,0.005886592103564052,0.9111463362835579,0.006227833561901527,0.006227833561901527
Completo,País,Random forest,0.0024143613867969975,0.9607336412021865,0.00840974715185935,0.8747888406475117
